VAR_ID_hg19,rsID,nearest_gene,Risk_Allele,Nonrisk_Allele
10_114749734_G_A,rs35011184,TCF7L2,A,G
9_22134094_T_C,rs10811661,CDKN2B-AS1,T,C
16_53800954_T_C,rs1421085,FTO,C,T
3_185534482_G_A,rs9859406,IGF2BP2,A,G
8_118184783_C_T,rs13266634,SLC30A8,C,T
10_94462882_C_T,rs1111875,HHEX,C,T
7_28194397_C_A,rs860262,JAZF1,C,A
2_227105921_C_T,rs2943650,LOC646736,T,C
8_41508577_C_A,rs13262861,NKX6-3,C,A
10_12307894_C_T,rs11257655,CDC123,T,C
13_80715893_G_A,rs1215451,SPRY2,G,A
9_139248082_A_G,rs28642213,GPSM1,G,A
17_36099840_C_T,rs11651755,HNF1B,C,T
5_55807370_C_T,rs464605,ANKRD55,T,C
15_77782335_A_G,rs12910361,HMG20A,G,A
9_22137685_T_G,rs7018475,CDKN2B-AS1,G,T
3_123065778_A_G,rs11708067,ADCY5,A,G
2_27730940_T_C,rs1260326,GCKR,C,T
11_2197286_A_G,rs4929965,MIR4686,A,G
9_84308948_G_A,rs2796441,TLE1,G,A
2_165508389_C_T,rs10184004,GRB14,C,T
10_80947438_T_C,rs697239,ZMIZ1,T,C
10_114861304_A_G,rs10885414,TCF7L2,A,G
3_12329783_C_T,rs17036160,PPARG,C,T
11_17418477_C_A,rs757110,ABCC8,C,A
1_39855177_G_A,rs61779284,MACF1,A,G
1_214159256_T_C,rs340874,PROX1,C,T
12_66216162_G_A,rs2257883,RPSAP52,A,G
3_23457080_T_C,rs13094957,UBE2E2,T,C
19_46158417_G_A,rs8107527,EML2,A,G
7_14898282_C_T,rs17168486,DGKB,T,C
4_1240299_T_G,rs730831,CTBP1,T,G
15_90381278_C_T,rs893617,AP3S2,C,T
13_26776999_A_G,rs34584161,RNF6,A,G
20_42994812_T_C,rs12625671,HNF4A,C,T
3_187741842_A_G,rs6777684,LPP-AS2,G,A
6_137295352_C_T,rs2876354,NHEG1,C,T
18_57829135_T_C,rs6567160,MC4R,C,T
4_153520475_C_T,rs6813195,TMEM154,C,T
7_156948648_T_C,rs6946660,UBE3C,T,C
3_23559269_G_A,rs35966355,UBE2E2,A,G
5_76435004_G_A,rs7732130,ZBED3-AS1,G,A
15_62391608_C_T,rs7163757,C2CD4A,C,T
6_126792095_A_G,rs11759026,CENPW,G,A
15_91512067_G_A,rs2290203,PRC1,A,G
3_63948566_T_C,rs13434089,ATXN7,T,C
6_7231843_G_A,rs9379084,RREB1,G,A
4_45186139_G_A,rs10938398,GNPDA2,A,G
17_3988451_T_C,rs8071043,ZZEF1,C,T
5_53272664_G_A,rs4865796,ARL15,A,G
3_170724883_T_C,rs8192675,SLC2A2,T,C
5_55860781_A_G,rs3936511,MAP3K1,G,A
7_44223721_G_A,rs730497,GCK,A,G
1_51209148_T_C,rs79090772,FAF1,T,C
17_47060322_C_A,rs35895680,GIP,C,A
19_45411941_T_C,rs429358,APOE,T,C
2_65279414_A_G,rs2723065,CEP68,A,G
13_91949562_A_G,rs9515905,MIR17HG,A,G
18_60845884_T_C,rs12454712,BCL2,T,C
2_65661468_A_C,rs12185610,SPRED2,A,C
9_136149500_T_C,rs529565,ABO,C,T
1_117532790_C_T,rs1127215,PTGFRN,C,T
3_186665645_C_T,rs3887925,ST6GAL1,T,C
4_1784403_C_T,rs56337234,FGFR3,C,T
7_69649683_C_A,rs6975279,AUTS2,A,C
19_19379549_C_T,rs58542926,TM6SF2,T,C
11_69463273_G_A,rs3918298,CCND1,G,A
9_81907986_A_G,rs67269808,TLE4,A,G
2_653874_C_T,rs10188334,TMEM18,C,T
17_40706273_C_A,rs676387,HSD17B1,A,C
6_50788778_A_C,rs3798519,TFAP2B,C,A
17_6953558_C_T,rs73239895,SLC16A11,T,C
1_120499573_A_C,rs2453051,NOTCH2,C,A
2_121337196_A_G,rs9308614,LINC01101,A,G
19_13010643_G_T,rs9384,GCDH,G,T
13_51094114_T_G,rs9316500,DLEU1,T,G
16_69666683_G_A,rs244415,NFAT5,G,A
15_75814388_C_T,rs6495182,PTPN9,C,T
3_124921457_C_T,rs9873519,SLC12A8,T,C
6_127412728_G_A,rs12192275,RSPO3,G,A
19_33896432_A_C,rs4805881,PEPD,A,C
15_38828140_G_T,rs8043085,RASGRP1,T,G
3_64703394_G_T,rs66815886,ADAMTS9-AS2,G,T
6_7275926_A_G,rs11243149,SSR1,A,G
12_108629780_G_A,rs1426371,WSCD2,G,A
6_164133001_C_T,rs4709746,QKI,C,T
16_300388_T_C,rs55857387,FAM234A,T,C
11_128234144_A_G,rs10750397,ETS1,A,G
12_66359752_C_A,rs8756,HMGA2,A,C
8_95967372_A_G,rs10808671,NDUFAF6,A,G
22_44324855_G_A,rs3747207,PNPLA3,A,G
9_28410683_T_C,rs1412234,LINGO2,C,T
2_58975143_T_C,rs12986742,LINC01122,C,T
10_124193181_T_G,rs2280141,PLEKHA1,T,G
6_39039140_A_G,rs9394574,GLP1R,A,G
12_118406696_C_T,rs79310463,KSR2,T,C
8_145525277_C_T,rs13268508,HSF1,T,C
7_30728452_C_T,rs917195,CRHR2,C,T
15_40634717_G_A,rs4923864,CCDC9B,G,A
11_128389391_C_T,rs11819995,ETS1,T,C
19_7968168_G_A,rs2115107,MAP2K7,A,G
1_229672955_G_A,rs348330,ABCB10,G,A
16_81533789_C_A,rs56823429,CMIP,C,A
11_65326154_G_A,rs12789028,LTBP3,A,G
18_53050646_A_C,rs72926932,TCF4,C,A
6_117996631_T_C,rs80196932,NUS1,T,C
17_65825248_T_C,rs12603589,BPTF,C,T
8_116565365_T_C,rs3802219,TRPS1,T,C
1_6672729_A_C,rs11583755,PHF13,C,A
5_158029734_G_A,rs1650505,EBF1,A,G
4_720681_G_A,rs73221116,PCGF3,A,G
12_26463174_G_A,rs11048457,ITPR2,G,A
12_133070294_C_T,rs11614914,FBRSL1,T,C
12_71520761_T_G,rs10879261,TSPAN8,G,T
1_177889025_A_C,rs539515,SEC16B,C,A
17_36047417_A_G,rs3110641,HNF1B,G,A
10_71321279_A_G,rs177045,NEUROG3,G,A
15_52587740_G_T,rs149336329,MYO5C,G,T
6_39282371_G_A,rs34247110,KCNK16,A,G
20_51033681_G_A,rs4809906,ZFP64,G,A
12_124428331_T_C,rs4930726,CCDC92,T,C
14_38804675_T_C,rs7147483,CLEC14A,T,C
6_160770918_T_G,rs501470,SLC22A3,T,G
11_8677063_C_A,rs7941510,TRIM66,C,A
20_32675727_A_G,rs6059662,EIF2S2,G,A
19_47597102_T_C,rs10408163,ZC3H4,C,T
22_50356850_C_T,rs1801645,PIM3,C,T
8_9974584_A_G,rs60384372,MSRA,A,G
12_123736084_G_T,rs10773000,MTRFR,G,T
11_2579163_A_G,rs2283164,KCNQ1,A,G
1_118169463_G_A,rs2282456,TENT5C,A,G
10_122930568_T_C,rs7071036,WDR11,T,C
4_103895317_T_G,rs7659468,SLC9B1,T,G
16_29958216_G_A,rs8054556,LOC613038,A,G
11_43878459_G_A,rs35251247,HSD17B12,A,G
14_33303540_C_T,rs12883788,AKAP6,T,C
4_71835822_G_A,rs7674402,MOB1B,A,G
6_153440770_G_T,rs7758002,RGS17,T,G
2_59311536_G_A,rs980183,LINC01122,G,A
3_152084243_G_A,rs7633673,MBNL1,G,A
10_99091369_G_A,rs945187,FRAT2,G,A
3_141101839_A_C,rs56243018,ZBTB38,A,C
20_57396495_T_C,rs4810145,GNAS-AS1,C,T
17_61565025_G_A,rs4335,ACE,G,A
17_76772288_C_T,rs7224711,CYTH1,C,T
10_70382179_A_G,rs10998338,TET1,A,G
4_18044357_C_T,rs2169033,LCORL,T,C
1_64107284_C_T,rs2269247,PGM1,C,T
15_63871292_C_T,rs7178762,USP3,C,T
5_78546293_G_A,rs2591392,JMY,G,A
17_29628549_C_A,rs2040792,NF1,C,A
7_13886654_C_T,rs7787720,ETV1,T,C
4_157652753_C_A,rs28819812,PDGFC,C,A
13_23309382_C_T,rs314879,BASP1P1,C,T
16_53544993_G_A,rs3095571,AKTIP,G,A
9_34074476_T_C,rs12001437,DCAF12,C,T
2_181618654_A_G,rs6741676,UBE2E3,A,G
12_57146069_T_G,rs2277339,PRIM1,G,T
9_19074538_A_G,rs12380322,HAUS6,G,A
17_37746307_T_C,rs11078916,NEUROD2,T,C
3_49995518_T_C,rs6792892,RBM6,C,T
12_97849120_T_C,rs6538805,RMST,T,C
7_150537635_G_A,rs62492368,AOC1,A,G
5_133861663_C_T,rs329118,JADE2,T,C
11_2288412_C_T,rs10831668,ASCL2,T,C
18_21083738_C_T,rs303760,RMC1,T,C
16_3656482_C_T,rs8061528,SLX4,T,C
19_7240848_T_C,rs75253922,INSR,C,T
9_96915002_C_T,rs10993072,MIRLET7A1,T,C
9_139255073_G_A,rs11145958,GPSM1,A,G
7_89803634_T_C,rs6956980,STEAP2,C,T
6_143056556_T_C,rs9390022,HIVEP2,T,C
6_39016636_C_T,rs10305420,GLP1R,C,T
3_195831237_T_C,rs9872347,TFRC,C,T
15_53082471_G_T,rs2440317,ONECUT1,T,G
11_47611152_C_T,rs11039307,C1QTNF4,T,C
12_50263148_G_A,rs7132908,FAIM2,A,G
3_160152299_C_A,rs13403,IFT80,C,A
10_112678657_G_T,rs7895872,BBIP1,T,G
11_93013387_T_G,rs7943372,DEUP1,G,T
18_7070642_T_C,rs7240767,LAMA1,C,T
11_45858584_G_A,rs12419690,CRY2,G,A
2_161333872_A_C,rs6710938,RBMS1,A,C
2_146350724_G_A,rs6716394,TEX41,G,A
4_106048291_T_C,rs17035289,TET2,C,T
1_20707153_A_G,rs10916780,LINC01141,A,G
5_52850891_T_C,rs889292,NDUFS4,T,C
7_12269593_C_A,rs13237518,TMEM106B,A,C
12_41863393_C_T,rs2730827,PDZRN4,T,C
5_51763665_C_T,rs12187734,ITGA1,C,T
8_30852826_T_C,rs2725370,PURG,T,C
10_71464834_C_A,rs1381937,FAM241B,A,C
6_33552707_A_C,rs75080135,GGNBP1,A,C
2_45188370_G_T,rs340515,SIX3,G,T
8_37397803_T_C,rs12680217,ZNF703,T,C
5_122650885_T_C,rs144052331,CEP120,T,C
15_74328576_A_G,rs9479,PML,G,A
18_36746623_G_A,rs7227272,MIR924HG,G,A
20_32435978_C_T,rs7274168,CHMP4B,T,C
8_129568078_C_T,rs1561927,MIR1208,C,T
4_140879929_G_T,rs2604918,MAML3,G,T
3_136069472_G_T,rs667920,STAG1,T,G
20_62450664_T_C,rs6011155,ZBTB46,T,C
18_74558999_C_T,rs6565922,ZNF236,T,C
13_54107583_G_T,rs9568868,LINC00558,T,G
4_52798624_T_C,rs1996617,DCUN1D4,C,T
7_18331915_G_A,rs583769,HDAC9,A,G
6_39288945_G_A,rs1109772,KCNK16,A,G
8_19830921_C_T,rs10096633,LPL,C,T
2_25635771_A_G,rs34845373,DTNB,A,G
12_33410855_T_G,rs10844519,SYT10,G,T
6_139837128_T_C,rs11155073,LINC01625,T,C
14_101258584_C_T,rs112324411,MIR2392,C,T
9_23358495_G_A,rs7029718,ELAVL2,A,G
3_115063672_T_C,rs7645613,ZBTB20,C,T
16_28897452_G_A,rs8056890,ATP2A1,A,G
15_57369850_G_A,rs28490139,TCF12,G,A
8_36858483_A_G,rs13365225,KCNU1,G,A
6_107445266_C_T,rs7752666,BEND3,C,T
7_140522073_A_G,rs60251368,BRAF,G,A
20_50155386_T_C,rs6021276,NFATC2,T,C
12_43046449_C_A,rs11181613,PRICKLE1,C,A
2_152198598_C_T,rs3845843,TNFAIP6,T,C
9_125689694_C_T,rs10818763,ZBTB26,C,T
20_32298286_C_T,rs13042148,PXMP4,T,C
14_91963722_A_G,rs8010382,PPP4R3A,G,A
6_131926334_C_T,rs2608953,MED23,T,C
4_83584496_A_G,rs993380,SCD5,A,G
19_12505873_A_G,rs7246440,ZNF799,G,A
20_42230695_T_C,rs6073143,IFT52,C,T
16_337691_C_T,rs34665498,AXIN1,C,T
19_4967739_C_T,rs12185519,KDM4B,T,C
8_57496064_G_A,rs3887059,LINC00968,A,G
11_2799679_T_C,rs2237884,KCNQ1,T,C
2_166610827_C_T,rs13406280,GALNT3,C,T
12_133730500_C_T,rs7970687,ZNF10,T,C
3_138055136_C_T,rs6766859,NME9,C,T
1_155269776_A_G,rs3020781,PKLR,G,A
22_29369398_A_C,rs5762925,ZNRF3,C,A
7_102433678_A_G,rs112613078,FAM185A,A,G
1_201849926_A_G,rs41304257,IPO9,A,G
3_9514016_G_A,rs3872707,SETD5,A,G
3_168226052_C_T,rs13099581,EGFEM1P,C,T
1_72751552_A_G,rs2613499,NEGR1,A,G
13_41688401_A_G,rs4397977,KBTBD6,A,G
8_95685147_A_C,rs11786992,ESRP1,A,C
7_44362545_C_T,rs11772021,CAMK2B,C,T
3_15706124_G_A,rs924753,ANKRD28,G,A
7_23884697_A_G,rs2188848,STK31,A,G
1_205044339_A_G,rs11240351,CNTN2,G,A
3_86756871_T_G,rs6549112,VGLL3,T,G
9_96454513_T_C,rs7848336,PHF2,C,T
1_235542023_A_G,rs10737818,TBCE,G,A
5_44644006_G_A,rs4479849,MRPS30,A,G
3_173107443_T_C,rs247975,NLGN1,C,T
2_196952010_T_C,rs6712905,DNAH7,C,T
19_31865946_G_A,rs2867570,TSHZ3,G,A
11_61565908_T_C,rs174541,FADS1,T,C
16_81599271_G_T,rs2966117,CMIP,T,G
3_183738460_A_C,rs2872246,ABCC5,A,C
16_85716463_A_G,rs11646052,GINS2,G,A
18_63426979_G_A,rs2032217,CDH7,A,G
11_128042575_T_C,rs10893829,ETS1,T,C
11_2835530_T_C,rs72844289,KCNQ1,T,C
1_11317932_T_C,rs7554251,MTOR,C,T
8_12643055_G_T,rs12056338,LOC340357,T,G
8_105662373_A_G,rs112515915,LRP12,A,G
3_72803590_C_T,rs9814945,SHQ1,T,C
12_12871099_T_G,rs2066827,CDKN1B,G,T
17_41456413_A_G,rs56799554,LINC00910,G,A
14_69459229_A_C,rs242105,ACTN1-DT,C,A
1_206621028_A_C,rs61817176,SRGAP2,A,C
3_129293256_T_C,rs2255703,PLXND1,T,C
7_103444978_C_T,rs39328,RELN,T,C
18_53166594_G_A,rs17596995,TCF4,G,A
16_967241_A_G,rs12918782,LMF1,G,A
17_46178674_G_A,rs3744347,CBX1,A,G
9_136890704_G_A,rs379417,BRD3OS,A,G
15_93925327_G_A,rs4777857,RGMA,G,A
17_70645032_G_A,rs61736066,SLC39A11,G,A
13_109946882_C_A,rs9587811,MYO16,C,A
3_184882015_G_A,rs61579137,EHHADH-AS1,A,G
6_138864489_T_C,rs7742292,NHSL1,C,T
2_121449208_C_T,rs62167015,GLI2,C,T
14_77300863_C_T,rs2056857,LRRC74A,C,T
14_103376031_C_T,rs4906272,TRAF3,T,C
2_67622243_A_G,rs4671799,ETAA1,A,G
10_122836858_C_T,rs11199755,WDR11,C,T
5_176679407_G_A,rs4343858,NSD1,G,A
17_27570622_G_A,rs9913225,CRYBA1,G,A
4_96114385_A_G,rs3755879,UNC5C,A,G
11_58128015_T_C,rs7483027,OR5B17,T,C
4_76496817_A_G,rs6835992,CDKL2,G,A
10_88117318_C_A,rs11201992,GRID1,C,A
3_149221563_C_T,rs28712435,TM4SF4,C,T
10_101912194_C_T,rs1408579,ERLIN1,C,T
2_203235139_G_A,rs6714523,BMPR2,A,G
6_140249466_G_A,rs616279,FILNC1,A,G
5_67714246_A_G,rs4976033,PIK3R1,G,A
12_121380541_G_A,rs73226260,HNF1A-AS1,G,A
19_13176020_G_T,rs76567647,NFIX,G,T
11_9856015_C_T,rs76789970,SBF2,T,C
9_139502321_G_A,rs10870096,EGFL7,G,A
16_89630630_C_T,rs12932337,RPL13,T,C
1_204490470_A_G,rs12041243,MDM4,A,G
7_48839003_A_G,rs12539264,CDC14C,G,A
14_101313986_C_T,rs3742395,MEG3,C,T
17_65646092_G_A,rs11658220,PITPNC1,A,G
2_228971884_T_C,rs13415288,SPHKAP,C,T
14_77382268_T_C,rs112263420,LRRC74A,C,T
1_29060898_C_T,rs3753693,YTHDF2,C,T
7_50809085_G_A,rs13236710,GRB10,G,A
6_40409243_T_C,rs34298980,LRFN2,T,C
2_208870017_A_G,rs34329895,PLEKHM3,A,G
18_56879827_T_C,rs9319943,GRP,T,C
7_100313420_A_G,rs506597,EPO,G,A
1_67010654_A_C,rs4655617,SGIP1,C,A
11_34908780_T_C,rs2956092,APIP,T,C
3_152320458_A_G,rs11929247,MBNL1,G,A
10_33997227_A_C,rs71495046,LINC00838,C,A
3_185830488_C_T,rs55742087,ETV5,C,T
9_116943357_A_G,rs1431819,COL27A1,G,A
1_172368310_A_G,rs7546252,PIGC,A,G
10_100421841_A_G,rs524903,HPSE2,G,A
3_131750844_G_A,rs9857204,CPNE4,A,G
16_88554480_T_C,rs9937296,ZFPM1,C,T
4_186580062_A_G,rs35901985,SORBS2,A,G
12_20591332_G_A,rs7134150,PDE3A,A,G
9_119252277_T_G,rs1885234,ASTN2,G,T
1_46538320_T_C,rs785513,PIK3R3,C,T
11_1696849_C_T,rs2334499,MOB2,T,C
12_121982162_A_G,rs4981013,KDM2B,G,A
9_35749014_G_A,rs1570247,GBA2,G,A
1_16050470_A_C,rs12746673,PLEKHM2,C,A
10_72648336_C_T,rs827237,PCBD1,T,C
12_21843576_C_T,rs11046164,LDHB,C,T
11_76230357_C_A,rs2513505,EMSY,A,C
16_87856424_C_T,rs4384608,SLC7A5,C,T
11_27686196_G_T,rs10767659,BDNF,G,T
22_19969696_C_T,rs2240716,ARVCF,T,C
9_81344701_G_A,rs1929883,PSAT1,G,A
9_20790622_T_C,rs2150999,FOCAD,C,T
11_32481177_C_T,rs7927401,WT1-AS,T,C
2_145256545_C_T,rs6705150,ZEB2,C,T
3_58282930_A_G,rs7622771,ABHD6,G,A
2_145726656_C_T,rs12151653,TEX41,T,C
7_15926228_T_C,rs38221,MEOX2,T,C
2_60285100_T_C,rs980329,MIR4432,C,T
1_26396065_A_G,rs9438610,TRIM63,A,G
16_15153717_T_C,rs9927842,PDXDC1,T,C
8_145903077_C_A,rs997258,ARHGAP39,A,C
8_22492103_G_T,rs6558173,BIN3,T,G
7_50577968_T_C,rs73121277,DDC,C,T
13_66204880_T_C,rs9564268,PCDH9,T,C
13_110435231_C_T,rs1805097,IRS2,C,T
7_117495667_C_A,rs6976111,CTTNBP2,A,C
5_95850250_A_C,rs261967,PCSK1,C,A
22_41593581_C_T,rs11913442,L3MBTL2,T,C
18_53428347_C_T,rs17089932,TCF4,T,C
19_1224286_G_T,rs35004890,STK11,T,G
8_25871721_T_G,rs11998023,EBF2,G,T
5_52193125_A_G,rs4074793,ITGA1,G,A
3_129020778_A_G,rs6765930,HMCES,A,G
8_14148990_A_C,rs35753840,SGCZ,C,A
10_121660400_A_C,rs11199116,SEC23IP,C,A
9_111938268_G_A,rs10119430,EPB41L4B,G,A
9_98278413_C_T,rs113154802,PTCH1,C,T
6_43801878_C_T,rs2894536,VEGFA,C,T
22_32203334_G_A,rs75307421,DEPDC5,A,G
5_51551575_A_G,rs4431306,ITGA1,G,A
3_35670150_G_A,rs1470560,ARPP21,A,G
18_40066006_C_T,rs410150,LINC00907,C,T
9_97795421_G_A,rs6479591,AOPEP,A,G
17_7531965_T_C,rs858519,SHBG,T,C
20_51620857_A_G,rs2252115,TSHZ2,A,G
6_111738793_T_C,rs55812705,REV3L,T,C
19_18834514_C_T,rs10404726,CRTC1,C,T
14_61229411_G_A,rs4902002,MNAT1,G,A
17_71027543_G_A,rs9912666,SLC39A11,A,G
16_89786761_C_T,rs56283750,VPS9D1,T,C
14_25947436_C_T,rs11159347,STXBP6,T,C
1_200197538_A_G,rs12128213,NR5A2,A,G
2_213829721_T_C,rs4673712,IKZF2,T,C
2_16238001_G_A,rs28758542,MYCN,A,G
7_4683572_G_A,rs62452060,FOXK1,A,G
7_74076493_A_G,rs13238568,GTF2I,G,A
5_56196604_G_A,rs96844,MAP3K1,G,A
16_20370981_A_C,rs9929710,PDILT,A,C
14_47304091_G_A,rs723355,MDGA2,G,A
1_96404462_C_T,rs10159026,LINC01761,C,T
1_65989878_C_A,rs10889560,LEPR,A,C
9_14141703_A_G,rs73642097,NFIB,G,A
2_230442_T_C,rs10205435,SH3YL1,T,C
7_126864679_T_G,rs4532535,GRM8,T,G
17_17344653_C_T,rs925095,17:17344653,C,T
15_91687671_A_G,rs55697176,SV2B,G,A
6_51241141_A_G,rs2465017,PKHD1,A,G
20_22428284_C_T,rs7274134,LOC284788,C,T
9_133786652_C_T,rs6597649,FIBCD1,T,C
7_13986506_C_T,rs56041031,ETV1,C,T
4_89713121_C_T,rs9991328,FAM13A,T,C
11_117693255_T_C,rs529623,FXYD2,T,C
2_175197545_C_A,rs12992995,LINC01305,C,A
7_55802063_T_C,rs6972291,FKBP9P1,C,T
10_63717113_C_T,rs146716733,ARID5B,C,T
13_31017268_G_A,rs12856169,HMGB1,G,A
4_121765788_C_T,rs4833687,PRDM5,T,C
7_1929019_G_T,rs73048106,MAD1L1,G,T
17_9787845_A_G,rs17810376,GLP2R,G,A
7_77047102_A_G,rs12669521,GSAP,A,G
2_55157914_G_A,rs5010712,EML6,G,A
2_112823114_C_T,rs74677818,TMEM87B,T,C
2_37204168_C_T,rs77424687,HEATR5B,C,T
2_16574669_G_A,rs11680058,CYRIA,A,G
8_26159509_T_C,rs9650418,PPP2R2A,C,T
2_18707873_G_A,rs11096542,NT5C1B-RDH14,A,G
2_179650954_G_A,rs6715901,TTN,G,A
10_75598099_C_T,rs2633311,CAMK2G,C,T
12_54429385_G_A,rs12422600,HOXC4,G,A
10_13540869_A_C,rs11258422,BEND7,C,A
10_125226178_C_A,rs705145,GPR26,A,C
12_6691452_G_A,rs7316626,CHD4,A,G
15_99276521_G_T,rs59646751,IGF1R,T,G
10_77559168_T_C,rs11001500,LRMDA,C,T
18_13259893_A_G,rs11080638,LDLRAD4,A,G
6_39056929_T_C,rs9296291,GLP1R,T,C
12_117723613_A_G,rs884847,NOS1,A,G
3_93981060_G_T,rs978444,NSUN3,G,T
3_77671721_C_A,rs2272163,ROBO2,C,A
4_156697784_T_C,rs2125799,GUCY1B1,C,T
7_40816653_C_T,rs17439448,SUGCT,T,C
22_35705359_A_G,rs138771,TOM1,A,G
3_28731810_G_A,rs9869477,LINC00693,G,A
1_214226308_C_T,rs35834243,PROX1,T,C
9_20241069_T_C,rs7867635,MLLT3,C,T
3_185884518_G_A,rs3774052,DGKG,G,A
8_126472671_A_C,rs10216723,TRIB1,C,A
1_183004334_A_G,rs4129858,LAMC1,G,A
7_142607301_A_G,rs4252505,TRPV5,G,A
7_36742886_C_T,rs6978327,AOAH,T,C
9_134868417_G_T,rs9411425,MED27,G,T
11_128204110_C_T,rs34086018,ETS1,C,T
17_78757626_A_G,rs11150745,RPTOR,A,G
3_18549716_C_T,rs4973727,SATB1,T,C
11_68996697_C_T,rs61881114,MYEOV,C,T
14_103960026_A_G,rs56365443,MARK3,A,G
2_112253851_T_C,rs1345203,MIR4435-2HG,T,C
15_84547222_C_T,rs1812707,ADAMTSL3,T,C
17_34862220_T_C,rs1109442,MYO19,C,T
18_54578482_C_T,rs10048404,WDR7,C,T
5_87697533_C_T,rs6870983,TMEM161B-DT,C,T
2_212274937_A_G,rs3828242,ERBB4,A,G
15_40741295_G_A,rs12898690,BAHD1,A,G
1_179248952_A_G,rs2816177,SOAT1,G,A
6_34244132_T_C,rs115245297,RPS10-NUDT3,C,T
7_45116468_C_A,rs3735491,CCM2,A,C
20_62692060_A_C,rs6090040,TCEA2,A,C
14_101531854_A_G,rs61992671,MIR412,A,G
7_7249747_A_G,rs11763876,C1GALT1,G,A
17_481604_C_T,rs11870735,VPS53,T,C
1_112289983_C_T,rs197374,INKA2,T,C
1_151063520_A_G,rs12093562,GABPB2,A,G
3_88130136_C_T,rs73146095,CGGBP1,C,T
14_23289189_T_C,rs17122782,SLC7A7,C,T
3_113288430_G_A,rs11929640,SIDT1,A,G
2_234668570_C_T,rs887829,UGT1A3,T,C
5_86577352_A_G,rs7719891,RASA1,G,A
4_77533939_A_G,rs56281442,SHROOM3,A,G
4_129024273_C_T,rs4834232,LARP1B,T,C
4_20265535_T_C,rs7664347,SLIT2,T,C
4_77017680_C_T,rs4440243,ART3,T,C
6_19751516_C_T,rs10806906,ID4,C,T
2_163623932_C_T,rs305686,KCNH7,C,T
14_58732748_G_A,rs12892257,PSMA3,G,A
21_47764477_T_C,rs11701361,PCNT,T,C
6_33802890_T_C,rs62397595,MLN,T,C
8_34502571_A_C,rs4463416,UNC5D,A,C
15_60938816_C_A,rs8033609,RORA,A,C
4_130786346_A_G,rs2952858,C4orf33,A,G
16_128954_C_T,rs1013358,MPG,C,T
11_75464344_T_C,rs11236524,DGAT2-DT,C,T
2_59200011_C_T,rs80005838,LINC01122,T,C
7_93118736_C_T,rs76369672,CALCR,C,T
12_132544643_C_T,rs11830241,EP400,T,C
8_97138738_A_G,rs510062,GDF6,A,G
20_21466795_T_C,rs13041756,NKX2-2,C,T
5_87102981_G_T,rs73167517,TMEM161B,T,G
17_75373200_T_C,rs312827,SEPTIN9,C,T
1_33196120_G_A,rs59020573,KIAA1522,A,G
5_137431501_C_T,rs217256,WNT8A,C,T
8_126630568_G_T,rs72724622,TRIB1,T,G
1_22094167_C_T,rs12122128,USP48,C,T
11_43945619_A_G,rs4755217,ALKBH3-AS1,A,G
7_2760750_C_A,rs798549,AMZ1,C,A
5_151324600_T_G,rs302395,GLRA1,G,T
1_36789546_A_G,rs12116935,SH3D21,G,A
3_36870230_A_G,rs11129735,TRANK1,A,G
5_170683134_A_G,rs2913873,RANBP17,A,G
18_31582890_T_C,rs17747955,NOL4,C,T
17_77895311_C_T,rs9912236,TBC1D16,C,T
14_30086481_T_C,rs12433335,PRKD1,T,C
22_40541838_T_C,rs2005999,TNRC6B,T,C
5_153547409_G_A,rs7701886,GALNT10,G,A
10_103065789_G_T,rs620191,BTRC,T,G
12_57968738_G_A,rs11172254,KIF5A,G,A
2_16098393_A_G,rs6750986,MYCN,G,A
2_205375909_C_A,rs4482463,PARD3B,C,A
8_28095939_C_T,rs11994255,ELP3,T,C
8_103876325_G_A,rs2679745,AZIN1,G,A
5_54986775_T_C,rs6897117,SLC38A9,T,C
11_76504698_G_A,rs10899282,TSKU,G,A
5_76658331_A_G,rs12697864,PDE8B,A,G
7_147658539_G_A,rs1922879,CNTNAP2,G,A
4_85391794_G_A,rs1444960,NKX6-1,G,A
13_22587245_G_T,rs9509967,LINC00424,G,T
14_29726942_C_A,rs2333486,MIR548AI,C,A
10_26577671_G_A,rs55878324,GAD2,G,A
18_4845027_A_G,rs9958640,AKAIN1,A,G
8_135775546_C_T,rs4294149,MIR30B,T,C
14_89550378_C_T,rs17714667,FOXN3,T,C
10_12559518_C_T,rs12218957,CAMK1D,T,C
20_2100095_G_A,rs6137042,STK35,G,A
22_46314108_A_G,rs73175043,WNT7B,G,A
11_118953202_C_T,rs7127212,VPS11,T,C
12_50883158_T_C,rs4519166,LARP4,C,T
4_91249838_T_C,rs17227797,CCSER1,C,T
11_2580063_G_A,rs2283167,KCNQ1,G,A
4_102172941_T_C,rs2850335,PPP3CA,C,T
19_1646712_C_T,rs4807125,TCF3,T,C
4_44503503_G_A,rs34617913,KCTD8,A,G
5_134241445_G_A,rs319597,PCBD2,A,G
13_28247306_C_T,rs9512785,POLR1D,C,T
3_173710695_C_T,rs59489841,NLGN1,C,T
15_49794020_T_C,rs7169799,FAM227B,C,T
2_67878328_T_C,rs1430780,ETAA1,T,C
16_54387084_G_A,rs2216063,IRX3,A,G
15_28481498_G_A,rs4932685,HERC2,G,A
11_64100776_A_G,rs1662185,CCDC88B,A,G
19_7293119_T_C,rs8101064,INSR,T,C
7_131574608_A_C,rs12667919,PLXNA4,A,C
8_110140564_C_A,rs4734193,TRHR,C,A
12_106288445_G_A,rs12825669,NUAK1,G,A
15_73973662_T_C,rs57909886,CD276,C,T
12_20470199_A_G,rs11045171,PDE3A,A,G
2_105165674_A_G,rs10469860,LINC01102,A,G
12_88338289_G_A,rs10777081,C12orf50,G,A
12_434756_T_G,rs3753157,KDM5A,G,T
2_86707504_T_C,rs4832290,KDM3A,T,C
6_64163807_T_C,rs9449295,PTP4A1,C,T
17_4854480_C_T,rs366577,ENO3,C,T
6_39342395_A_G,rs8180594,KIF6,G,A
8_38343012_T_C,rs328301,FGFR1,T,C
8_74568099_A_G,rs28792187,STAU2,G,A
16_70660243_A_G,rs13330163,IL34,A,G
15_36392562_A_G,rs11073147,MIR4510,G,A
15_58676821_G_A,rs11858759,LIPC,G,A
4_137083193_A_C,rs1296328,PCDH18,A,C
8_132879777_T_C,rs10505581,EFR3A,C,T
5_57738539_C_T,rs154489,PLK2,C,T
11_74625997_T_C,rs480840,XRRA1,C,T
11_28534898_G_A,rs4923543,METTL15,A,G
8_25464670_G_T,rs73221948,PPP2R2A,T,G
11_20952237_G_A,rs16907058,NELL1,A,G
8_17922154_G_A,rs1234372,ASAH1,A,G
6_154355100_A_G,rs6936615,OPRM1,G,A
10_12399515_G_A,rs57219676,CAMK1D,A,G
16_53355830_A_G,rs11075915,CHD9,A,G
2_219168432_G_A,rs1877712,PNKD,G,A
7_148429806_G_A,rs243513,CUL1,G,A
5_180226516_G_T,rs6885157,MGAT1,G,T
9_29089437_C_A,rs13288108,LINGO2,C,A
7_149238823_T_C,rs62490267,ZNF767P,C,T
11_95710493_A_C,rs7130522,MAML2,C,A
1_110470764_G_A,rs333947,CSF1,A,G
1_146729093_A_G,rs3766524,CHD1L,G,A
6_139208733_C_A,rs1188832,ECT2L,C,A
7_25971153_G_A,rs6951827,MIR148A,G,A
12_4031104_C_T,rs10848958,PARP11,C,T
6_41012117_A_C,rs9367093,UNC5CL,C,A
11_2857233_G_A,rs60808706,KCNQ1,G,A
16_20254875_T_C,rs12596903,GP2,T,C
8_73485225_G_A,rs349330,KCNB2,A,G
12_114124239_G_A,rs12816687,RBM19,A,G
13_108781726_C_A,rs1931355,LIG4,C,A
10_77240548_T_C,rs4745777,ZNF503-AS2,T,C
20_48830265_T_C,rs6012876,CEBPB,T,C
1_205795960_C_T,rs7529407,PM20D1,T,C
2_166166456_C_T,rs997508,SCN2A,T,C
4_6306144_C_A,rs4580722,WFS1,A,C
12_121455589_G_A,rs56158042,C12orf43,G,A
13_58686760_T_C,rs7988244,PCDH17,T,C
14_35408548_A_G,rs712314,IGBP1P1,G,A
14_74932268_C_T,rs2190876,NPC2,C,T
15_67261172_C_A,rs11071927,SMAD3,C,A
19_45357377_T_C,rs4803764,NECTIN2,T,C
22_38600542_C_T,rs2267373,MAFF,T,C
1_117913019_A_G,rs1289951,MAN1A2,A,G
1_154325149_A_C,rs2483712,ATP8B2,A,C
1_184023529_A_C,rs1046934,TSEN15,C,A
1_213705165_T_C,rs10864049,RPS6KC1,T,C
1_219750717_G_T,rs4846567,SLC30A10,G,T
2_60584819_G_A,rs243021,MIR4432,A,G
2_149433085_A_G,rs7558502,EPC2,A,G
2_234304198_A_G,rs838722,DGKD,G,A
3_53118204_T_C,rs2564929,RFT1,C,T
4_145613807_G_A,rs6812830,HHIP,G,A
5_52085403_T_C,rs3762991,PELO,T,C
5_74877803_T_C,rs5744672,POLK,T,C
5_87943345_C_T,rs13162708,LINC00461,T,C
6_15481379_T_C,rs2179167,JARID2,C,T
6_20686996_C_A,rs9368222,CDKAL1,A,C
6_43757896_C_A,rs998584,VEGFA,A,C
6_43814625_G_A,rs10456526,LINC01512,A,G
6_44900253_A_G,rs3799986,SUPT3H,G,A
7_15064255_G_T,rs2191348,DGKB,T,G
7_77828739_G_A,rs3779274,MAGI2,G,A
7_130433384_C_T,rs4731702,KLF14,C,T
8_72419498_T_G,rs10096191,EYA1,G,T
9_1036552_C_T,rs7856320,DMRT2,T,C
9_3251234_C_T,rs612198,RFX3,C,T
9_4290541_C_A,rs10116772,GLIS3,A,C
9_8290220_T_C,rs4084051,PTPRD,C,T
9_22291214_C_T,rs11791293,DMRTA1,C,T
9_85312272_A_G,rs569518,RASEF,A,G
9_126093422_C_T,rs10739629,CRB2,C,T
10_99510068_G_T,rs3750614,ZFYVE27,G,T
10_104568018_C_T,rs2790914,WBP1L,C,T
10_113039667_C_T,rs11195502,ADRA2A,C,T
10_115813924_C_T,rs10787516,ADRB1,C,T
10_118558383_G_A,rs7909152,HSPA12A,A,G
11_13339272_A_G,rs10832022,ARNTL,A,G
11_30608133_G_A,rs11031140,MPPED2,A,G
11_35433624_G_A,rs11033114,SLC1A2,G,A
11_68839187_T_C,rs3750957,TPCN2,C,T
11_72432985_G_A,rs11603334,ARAP1,G,A
12_27962103_C_T,rs10842991,KLHL42,C,T
12_48736303_C_A,rs2732480,ZNF641,C,A
12_61251401_T_C,rs12372209,TAFA2,T,C
12_81317114_A_G,rs11114655,LIN7A,G,A
13_33562505_T_C,rs7997912,KL,C,T
13_112187218_G_A,rs9555813,TEX29,G,A
15_43849886_A_G,rs2470134,PPIP5K1,G,A
16_56471410_T_C,rs7189122,NUDT21,C,T
16_71639533_G_T,rs9302625,MARVELD3,T,G
16_73096243_A_G,rs2285394,ZFHX3,A,G
16_75252327_G_A,rs8056814,CTRB1,G,A
16_88137977_A_C,rs60615129,BANP,A,C
17_17708129_T_C,rs11654081,RAI1,T,C
17_74432562_C_T,rs4516263,UBE2O,T,C
20_61280662_C_T,rs2427363,SLCO4A1,C,T
