VAR_ID_hg19,rsID,Risk_Allele,weight
1_6672729_A_C,rs11583755,C,1.3703185792504218
1_22094167_C_T,rs12122128,C,1.2315072698954062
1_46538320_T_C,rs785513,C,0.9570215304414651
1_118169463_G_A,rs2282456,A,0.7905930751570079
1_146729093_A_G,rs3766524,G,0.7851824678569148
1_201849926_A_G,rs41304257,A,0.7865288890628394
2_16098393_A_G,rs6750986,G,1.063472496337233
2_67878328_T_C,rs1430780,T,0.9431126770712269
2_121337196_A_G,rs9308614,A,0.7942817284054208
2_149433085_A_G,rs7558502,A,0.7885013350508144
2_213829721_T_C,rs4673712,T,1.1692230131902017
2_234304198_A_G,rs838722,G,1.2546024701972511
3_9514016_G_A,rs3872707,A,1.2971916469869353
3_23457080_T_C,rs13094957,T,1.2101694189271053
3_28731810_G_A,rs9869477,G,0.8256137464302234
3_35670150_G_A,rs1470560,A,1.0786829686259183
3_186665645_C_T,rs3887925,T,1.7558163149161141
4_720681_G_A,rs73221116,A,1.1714510668744056
4_106048291_T_C,rs17035289,C,1.6071253603940066
4_156697784_T_C,rs2125799,C,1.0405953018869538
5_151324600_T_G,rs302395,G,0.862187129765993
5_158029734_G_A,rs1650505,A,0.8013788061521447
6_20686996_C_A,rs9368222,A,2.498356913404814
6_41012117_A_C,rs9367093,C,0.7802161202962817
6_43757896_C_A,rs998584,A,1.343109540782537
6_139208733_C_A,rs1188832,C,0.8954907073317894
7_30728452_C_T,rs917195,C,1.2995215047268052
7_36742886_C_T,rs6978327,T,0.8062405757512127
7_74076493_A_G,rs13238568,G,1.3251529436214518
7_89803634_T_C,rs6956980,C,0.7815498114831592
7_102433678_A_G,rs112613078,A,0.8237426462666361
8_14148990_A_C,rs35753840,C,0.819747448050646
8_38343012_T_C,rs328301,T,1.0756746275908922
8_118184783_C_T,rs13266634,C,1.5344444251266216
8_135775546_C_T,rs4294149,T,1.2583871958328732
9_19074538_A_G,rs12380322,G,1.3600631191635872
9_22134094_T_C,rs10811661,T,1.3638338213905543
9_116943357_A_G,rs1431819,G,0.8544518859416788
9_126093422_C_T,rs10739629,C,1.3892713914544872
9_139248082_A_G,rs28642213,G,0.80719693588910435
9_139255073_G_A,rs11145958,A,1.1552847405950637
10_12307894_C_T,rs11257655,T,0.9626206518891888
10_13540869_A_C,rs11258422,C,0.9644239632683419
10_94462882_C_T,rs1111875,C,2.354245339370188
10_99091369_G_A,rs945187,G,1.0145420282014472
10_115813924_C_T,rs10787516,C,0.8220999272481261
10_124193181_T_G,rs2280141,T,0.8374771654581701
11_1696849_C_T,rs2334499,T,1.2221225140152223
11_8677063_C_A,rs7941510,C,0.8341370373876235
11_17418477_C_A,rs757110,C,0.8126440095921811
11_30608133_G_A,rs11031140,A,1.141066246427074
11_43878459_G_A,rs35251247,A,1.0264119686376174
11_61565908_T_C,rs174541,T,1.5239530415899225
11_68839187_T_C,rs3750957,C,1.4100367557460014
12_6691452_G_A,rs7316626,A,0.7870989284313622
12_21843576_C_T,rs11046164,C,1.6415856679924328
12_57968738_G_A,rs11172254,G,0.8262234435286345
12_81317114_A_G,rs11114655,G,0.9771018307698998
12_108629780_G_A,rs1426371,G,1.6022273600486345
12_121455589_G_A,rs56158042,G,1.3551160801686837
12_121982162_A_G,rs4981013,G,0.9472631366850078
14_23289189_T_C,rs17122782,C,0.7863342418174253
14_77300863_C_T,rs2056857,C,0.9246862269186373
15_62391608_C_T,rs7163757,C,2.3972077789580033
15_84547222_C_T,rs1812707,T,1.032921048763162
15_90381278_C_T,rs893617,C,1.0756955007456444
15_91512067_G_A,rs2290203,A,1.0270914751097855
16_128954_C_T,rs1013358,C,0.8806470043890113
16_300388_T_C,rs55857387,T,1.1076882164170738
16_89630630_C_T,rs12932337,T,1.1500364835761443
17_9787845_A_G,rs17810376,G,1.4907865287697986
17_34862220_T_C,rs1109442,C,0.847605408953373
17_36099840_C_T,rs11651755,C,0.8320938520884344
17_46178674_G_A,rs3744347,A,0.858605143270236
17_65646092_G_A,rs11658220,A,1.2145404391292969
18_31582890_T_C,rs17747955,C,1.121380097471499
19_1646712_C_T,rs4807125,T,0.9072147078371854
19_46158417_G_A,rs8107527,A,0.7933927438647339
20_2100095_G_A,rs6137042,G,1.102610978984676
20_32435978_C_T,rs7274168,T,0.8218093812495917
20_61280662_C_T,rs2427363,C,1.080075926759789
22_35705359_A_G,rs138771,A,1.3771176995931764
